NO,Epic,Feature,Process (%),Type,Issue No.,List issue,Issue description,Depends on,Assignee,Related,Status,EST ( days ),Actual time(days),Start date,End date,PR
1,Module: Core,Config,0%,Task,IS-01,Setup Repository & GitFlow,"Khởi tạo Git, tạo nhánh main/dev, cấu hình .gitignore",,Dev1,,Todo,0.25,,,,
2,Module: Core,Config,0%,Task,IS-02,Cấu hình Docker Compose,"Viết file docker-compose.yml cho PHP 8.5, PostgreSQL, Apache, mapping ports",IS-01,Dev1,,Todo,0.5,,,,
3,Module: Core,Config,0%,Task,IS-03,Cấu hình Server & Môi trường,"Cấu hình VirtualHost, enable mod_rewrite, tạo class EnvParser load .env",IS-02,Dev1,,Todo,0.5,,,,
4,Module: Core,Database,0%,Task,IS-04,Thiết kế CSDL (Schema),"Viết schema.sql chuẩn hóa cho bảng Users, Categories, Products, Orders, Order_Items, Coupons, Reviews",IS-03,Dev1,,Todo,0.5,,,,
5,Module: Core,Database,0%,Task,IS-05,Data Seeders (Dữ liệu mẫu),"Viết script PHP nạp sẵn 5 danh mục, 20 sản phẩm hoa, 1 Admin, 10 Users để test",IS-04,Dev1,,Todo,0.5,,,,
6,Module: Core,Architecture,0%,Task,IS-06,Base Router,"Xây dựng class Router điều hướng URL tự động tới Controller/Action tương ứng",IS-03,Dev2,,Todo,0.5,,,,
7,Module: Core,Architecture,0%,Task,IS-07,Base Controller & View,"Tạo Controller cha cung cấp hàm render, merge master layout (header/footer) với nội dung View",IS-06,Dev2,,Todo,0.5,,,,
8,Module: Core,Architecture,0%,Task,IS-08,Base Model & DB Connection,"Tạo class Database wrapper dùng PDO, BaseRepository chứa các hàm CRUD chung (find, insert, update)",IS-04,Dev2,,Todo,1,,,,
9,Module: Auth & Users,Frontend,0%,Task,IS-09,UI Trang Đăng Nhập,"Dựng HTML/CSS form đăng nhập, validation client-side cơ bản",IS-07,Dev1,,Todo,0.5,,,,
10,Module: Auth & Users,Frontend,0%,Task,IS-10,UI Trang Đăng Ký,"Dựng form đăng ký, validation check mật khẩu mạnh, khớp mật khẩu",IS-09,Dev1,,Todo,0.5,,,,
11,Module: Auth & Users,Backend,0%,Task,IS-11,Logic Xử lý Đăng Ký,"Validate email tồn tại ở DB, hash password bằng bcrypt, insert thông tin user",IS-10,Dev1,,Todo,0.5,,,,
12,Module: Auth & Users,Backend,0%,Task,IS-12,Logic Xử lý Đăng Nhập,"Verify mật khẩu, lưu ID và Role vào Session, redirect theo Role (Admin/User)",IS-09,Dev1,,Todo,0.5,,,,
13,Module: Auth & Users,Backend,0%,Task,IS-13,Middleware Phân Quyền,"Viết hàm check Auth, block user chưa đăng nhập khỏi trang Checkout/Profile, block user khỏi trang Admin",IS-12,Dev1,,Todo,0.5,,,,
14,Module: Auth & Users,Admin,0%,Task,IS-14,UI Quản lý Khách Hàng (Admin),"Bảng danh sách users trang quản trị, thanh tìm kiếm theo tên/email",IS-07,Dev1,,Todo,0.5,,,,
15,Module: Auth & Users,Admin,0%,Task,IS-15,Logic Quản lý Khách Hàng,"Query danh sách user, phân trang, API đổi status tài khoản (Khóa/Mở)",IS-14,Dev1,,Todo,0.5,,,,
16,Module: Catalog & Products,Admin,0%,Task,IS-16,UI Quản lý Danh mục (Admin),"Giao diện bảng danh sách chủ đề hoa, modal Thêm/Sửa/Xóa",IS-07,Dev2,,Todo,0.5,,,,
17,Module: Catalog & Products,Admin,0%,Task,IS-17,Logic CRUD Danh mục,"Xử lý insert, update, soft delete danh mục vào bảng categories",IS-16,Dev2,,Todo,0.5,,,,
18,Module: Catalog & Products,Admin,0%,Task,IS-18,UI Quản lý Sản phẩm (Admin),"Bảng danh sách hoa, tích hợp phân trang, bộ lọc theo danh mục",IS-17,Dev2,,Todo,0.5,,,,
19,Module: Catalog & Products,Admin,0%,Task,IS-19,UI Form Thêm/Sửa Sản Phẩm,"Form nhập liệu tên, giá gốc, giá KM, số lượng, mô tả rich-text",IS-18,Dev2,,Todo,0.5,,,,
20,Module: Catalog & Products,Admin,0%,Task,IS-20,Khung Upload Hình Ảnh SP,"Xử lý UI chọn ảnh, preview ảnh chụp sản phẩm trước khi upload",IS-19,Dev2,,Todo,0.5,,,,
21,Module: Catalog & Products,Admin,0%,Task,IS-21,Logic Thêm/Sửa Sản Phẩm,"Validate dữ liệu form, move_uploaded_file lưu ảnh, insert/update vào DB",IS-20,Dev2,,Todo,1,,,,
22,Module: Catalog & Products,Client,0%,Task,IS-22,UI Trang Chủ - Layout,"Dựng layout master, header menu động, footer, hiệu ứng glassmorphism",IS-07,Dev2,,Todo,1,,,,
23,Module: Catalog & Products,Client,0%,Task,IS-23,UI Trang Chủ - Banner & Khối tính năng,"Dựng slider banner chính, thiết kế khối tính năng 'Giao hỏa tốc 1-2h', 'Chụp ảnh trước'",IS-22,Dev2,,Todo,0.5,,,,
24,Module: Catalog & Products,Client,0%,Task,IS-24,UI Trang Chủ - Danh mục & SP,"Hiển thị lưới sản phẩm nổi bật, nhãn giảm giá, hover effect phóng to",IS-23,Dev2,,Todo,0.5,,,,
25,Module: Catalog & Products,Client,0%,Task,IS-25,Logic Trang Chủ,"Query DB lấy danh sách danh mục, top 8 sản phẩm bán chạy hoặc mới nhất đổ ra View",IS-24,Dev2,,Todo,0.5,,,,
26,Module: Catalog & Products,Client,0%,Task,IS-26,UI Trang Danh mục (Catalog),"Layout lưới sản phẩm, thiết kế sidebar lọc theo mức giá và đánh giá",IS-22,Dev2,,Todo,0.5,,,,
27,Module: Catalog & Products,Client,0%,Task,IS-27,Logic Lọc Sản Phẩm,"Query DB điều kiện WHERE linh động theo category_id, price range, sắp xếp",IS-26,Dev2,,Todo,1,,,,
28,Module: Catalog & Products,Client,0%,Task,IS-28,UI Trang Chi Tiết SP,"Giao diện hiển thị gallery ảnh thumbnail, giá tiền, rating, mô tả chi tiết",IS-22,Dev2,,Todo,0.5,,,,
29,Module: Catalog & Products,Client,0%,Task,IS-29,UI Form Đặt Hoa Đặc thù,"Thiết kế khu vực nhập 'Nội dung in thiệp/banner' và bộ đếm số lượng tùy chỉnh",IS-28,Dev2,,Todo,0.5,,,,
30,Module: Catalog & Products,Client,0%,Task,IS-30,Logic Trang Chi Tiết SP,"Query chi tiết SP theo slug/id, lấy ảnh phụ, danh sách SP liên quan đổ ra UI",IS-29,Dev2,,Todo,0.5,,,,
31,Module: Order & Cart,Client,0%,Task,IS-31,Logic Thêm vào Giỏ hàng,"Xử lý thêm product_id, quantity, nội dung thiệp vào session $_SESSION['cart']",IS-30,Dev3,,Todo,0.5,,,,
32,Module: Order & Cart,Client,0%,Task,IS-32,UI Trang Giỏ Hàng,"Dựng bảng danh sách SP trong giỏ, hình ảnh, giá từng món, tổng tiền, nút Xóa",IS-07,Dev3,,Todo,0.5,,,,
33,Module: Order & Cart,Client,0%,Task,IS-33,Logic Giỏ Hàng - JS/AJAX,"Tích hợp jQuery tăng/giảm SL, update tổng tiền dòng và tổng hóa đơn realtime không reload",IS-32,Dev3,,Todo,0.5,,,,
34,Module: Order & Cart,Client,0%,Task,IS-34,Logic Giỏ Hàng - Backend,"Cập nhật số lượng vào session, xóa item khỏi giỏ, tính toán Subtotal",IS-33,Dev3,,Todo,0.5,,,,
35,Module: Order & Cart,Client,0%,Task,IS-35,UI Trang Thanh Toán,"Form thông tin người mua, checkbox 'Giao người khác' để hiện form người nhận",IS-32,Dev3,,Todo,0.5,,,,
36,Module: Order & Cart,Client,0%,Task,IS-36,UI Khung Giờ Giao Hoa,"Tích hợp thẻ dropdown chọn thời gian (Giao hỏa tốc, Sáng, Chiều) và Datepicker",IS-35,Dev3,,Todo,0.5,,,,
37,Module: Order & Cart,Client,0%,Task,IS-37,Logic Mã Giảm Giá,"API check mã nhập vào hợp lệ không, so hạn sử dụng, tính tiền giảm trừ vào tổng và lưu session",IS-34,Dev3,,Todo,1,,,,
38,Module: Order & Cart,Client,0%,Task,IS-38,Xử lý Đặt Hàng (Checkout),"Validate form, Insert dữ liệu vào bảng orders, order_items kèm thông điệp thiệp và giờ giao",IS-37,Dev3,,Todo,1,,,,
39,Module: Order & Cart,Client,0%,Task,IS-39,Xử lý Tồn kho & Hoàn tất,"Trừ số lượng tồn kho bảng products, clear giỏ hàng, hiển thị trang Đặt hàng thành công",IS-38,Dev3,,Todo,0.5,,,,
40,Module: Order & Cart,Admin,0%,Task,IS-40,UI Quản lý Đơn Hàng (Admin),"Bảng ds đơn hàng, các badge màu (Đang xử lý, Hoàn thành), bộ lọc đơn mới",IS-07,Dev3,,Todo,0.5,,,,
41,Module: Order & Cart,Admin,0%,Task,IS-41,UI Chi tiết Đơn Hàng (Admin),"Trang xem thông tin người giao/nhận, danh sách SP đã mua, thiệp đính kèm",IS-40,Dev3,,Todo,0.5,,,,
42,Module: Order & Cart,Admin,0%,Task,IS-42,Logic Cập nhật Trạng thái Đơn,"Dropdown đổi trạng thái: Chờ xác nhận -> Đang cắm -> Đang giao -> Hoàn thành -> Hủy",IS-41,Dev3,,Todo,0.5,,,,
43,Module: Order & Cart,Admin,0%,Task,IS-43,UI & Logic Quản lý Mã giảm giá,"Bảng ds coupon, form tạo mã mới (nhập code, % giảm, max tiền giảm, hạn dùng)",IS-40,Dev3,,Todo,0.5,,,,
44,Module: Reviews,Client,0%,Task,IS-44,UI Form Viết Đánh giá,"Giao diện chọn số sao (rating), form comment tích hợp ở cuối trang Chi tiết SP",IS-30,Dev1,,Todo,0.5,,,,
45,Module: Reviews,Client,0%,Task,IS-45,Logic Xử lý Đánh giá,"Kiểm tra User đã đăng nhập, insert dữ liệu rating vào bảng reviews, cập nhật điểm TB sản phẩm",IS-44,Dev1,,Todo,0.5,,,,
46,Module: Reviews,Admin,0%,Task,IS-46,UI Quản lý Đánh giá (Admin),"Bảng danh sách review mới nhất từ khách hàng",IS-42,Dev1,,Todo,0.25,,,,
47,Module: Reviews,Admin,0%,Task,IS-47,Logic Duyệt/Ẩn Đánh giá,"Tính năng toggle (bật/tắt) cho phép admin ẩn các bình luận rác/tiêu cực",IS-46,Dev1,,Todo,0.25,,,,
48,Module: Dashboard,Admin,0%,Task,IS-48,UI Dashboard,"Dựng bộ khung Dashboard chính, các thẻ KPI Card (Doanh thu, Đơn hàng, Khách mới)",IS-07,Dev1,,Todo,0.5,,,,
49,Module: Dashboard,Admin,0%,Task,IS-49,Logic Thống Kê KPI,"Viết SQL Query đếm tổng doanh thu tháng hiện tại, đếm số đơn mới, user mới, list SP sắp hết hàng",IS-48,Dev1,,Todo,1,,,,
50,Module: Dashboard,Admin,0%,Task,IS-50,Tích hợp Biểu đồ Doanh thu,"Sử dụng Group By Date xuất JSON data doanh thu 30 ngày, tích hợp Chart.js vẽ biểu đồ đường",IS-49,Dev1,,Todo,1,,,,
51,Non-Functional,Polish,0%,Task,IS-51,UI Responsive,"Viết CSS Media queries tối ưu hóa giao diện hiển thị mượt trên Mobile/Tablet",IS-22,Dev2,,Todo,1,,,,
52,Non-Functional,Polish,0%,Task,IS-52,Tối ưu Trải nghiệm (UX/UI),"Thêm CSS Transitions, Hover effects, tích hợp SweetAlert2 hiển thị thông báo popup thay cho alert mặc định",IS-51,Dev2,,Todo,0.5,,,,
53,Non-Functional,Security,0%,Task,IS-53,Bảo mật Hệ thống,"Kiểm tra lỗ hổng XSS (dùng htmlspecialchars), SQLi (chuẩn hóa PDO prepare bindParam), thêm CSRF token",IS-08,Dev1,,Todo,1,,,,
54,Non-Functional,Deploy,0%,Task,IS-54,Viết Tài Liệu & Clean code,"Format lại code chuẩn PSR-12, rà soát docblock, cập nhật README.md hướng dẫn setup và bàn giao",IS-01,Dev1,,Todo,0.5,,,,
55,Module: Blog & Articles,Database,0%,Task,IS-55,Bảng Posts,"Tạo bảng posts lưu tiêu đề, nội dung, ảnh bìa, status",IS-03,Dev2,,Todo,0.25,,,,
56,Module: Blog & Articles,Admin,0%,Task,IS-56,UI Quản lý Bài viết,"Bảng ds bài viết, nút Thêm/Sửa/Xóa trang Admin",IS-07,Dev2,,Todo,0.5,,,,
57,Module: Blog & Articles,Admin,0%,Task,IS-57,Logic Quản lý Bài viết,"CRUD bài viết, upload ảnh bìa, tích hợp Rich Text Editor",IS-56,Dev2,,Todo,1,,,,
58,Module: Blog & Articles,Client,0%,Task,IS-58,Trang Danh sách Tin tức,"Giao diện hiển thị các bài viết dạng lưới/danh sách",IS-22,Dev2,,Todo,0.5,,,,
59,Module: Blog & Articles,Client,0%,Task,IS-59,Trang Chi tiết Bài viết,"Giao diện hiển thị nội dung html của bài viết, bài viết liên quan",IS-58,Dev2,,Todo,0.5,,,,
